owner,date taken,capture time,type,dimensions,capture,keyword: content,keyword: type
lila,11/20/19,6:40:20 AM,.mp4,624x1232,unknown,of a thing,taken by phone
lila,11/19/19,4:30:31 PM,.png,1125x2436,unknown,something to remember,screenshot
lila,11/19/19,4:30:21 PM,.png,1125x2436,unknown,something to remember,screenshot
lila,11/19/19,2:13:58 PM,.png,1125x2436,unknown,texts,screenshot
lila,11/19/19,11:22:14 AM,.png,1125x2436,unknown,something to remember,screenshot
lila,11/18/19,3:26:46 PM,.png,1125x2436,unknown,memes,screenshot
lila,11/18/19,3:22:13 PM,.png,1125x2436,unknown,pets,screenshot
lila,11/18/19,12:48:44 PM,.png,2880x1800,unknown,work related,screenshot
lila,11/17/19,11:22:46 PM,.jpg,3024x4032,iphone xs,work related,taken by phone
lila,11/17/19,11:22:42 PM,.jpg,3024x4032,iphone xs,work related,taken by phone
lila,11/17/19,11:22:31 PM,.jpg,3024x4032,iphone xs,work related,taken by phone
lila,11/17/19,11:20:38 PM,.jpg,3024x4032,iphone xs,work related,taken by phone
lila,11/17/19,11:20:33 PM,.jpg,3024x4032,iphone xs,work related,taken by phone
lila,11/17/19,11:20:10 PM,.jpg,3024x4032,iphone xs,work related,taken by phone
lila,11/17/19,11:19:36 PM,.jpg,3024x4032,iphone xs,work related,taken by phone
lila,11/17/19,11:18:22 PM,.jpg,3024x4032,iphone xs,work related,taken by phone
lila,11/17/19,11:02:16 PM,.png,1125x2436,unknown,work related,screenshot
lila,11/17/19,9:11:46 PM,.png,627x3153,unknown,work related,saved
lila,11/17/19,9:11:46 PM,.png,627x2749,unknown,work related,saved
lila,11/17/19,9:11:46 PM,.png,627x3028,unknown,work related,saved
lila,11/17/19,9:11:46 PM,.png,627x2503,unknown,work related,saved
lila,11/17/19,9:11:46 PM,.png,627x1507,unknown,work related,saved
lila,11/17/19,2:47:03 PM,.png,10651x6001,unknown,work related,saved
lila,11/17/19,2:46:52 PM,.png,627x3153,unknown,work related,saved
lila,11/17/19,12:47:01 PM,.jpg,4032x3024,iphone xs,work related,taken by phone
lila,11/17/19,11:14:53 AM,.png,1125x2436,unknown,references,screenshot
lila,11/16/19,11:28:44 PM,.png,1125x2436,unknown,misc,screenshot
lila,11/16/19,6:30:10 PM,.png,1125x2436,unknown,something to remember,screenshot
lila,11/16/19,6:30:03 PM,.png,1125x2436,unknown,something to remember,screenshot
lila,11/16/19,6:13:33 PM,.png,1125x2436,unknown,something to remember,screenshot
lila,11/16/19,12:35:32 AM,.png,626x1782,unknown,work related,saved
lila,11/15/19,3:19:15 PM,.jpg,3024x4032,iphone xs,of a thing,taken by phone
lila,11/15/19,2:32:03 PM,.jpg,4032x3024,iphone xs,of a thing,taken by phone
lila,11/15/19,2:31:56 PM,.jpg,4032x3024,iphone xs,of a thing,taken by phone
lila,11/15/19,2:31:55 PM,.jpg,4032x3024,iphone xs,of a thing,taken by phone
lila,11/15/19,2:31:53 PM,.jpg,4032x3024,iphone xs,of a thing,taken by phone
lila,11/15/19,2:31:50 PM,.jpg,4032x3024,iphone xs,of a thing,taken by phone
lila,11/15/19,11:54:25 AM,.jpg,1124x1318,unknown,something to remember,screenshot
lila,11/15/19,8:24:46 AM,.mp4,886x1920,unknown,work related,screenshot
lila,11/15/19,8:09:07 AM,.mp4,886x1920,unknown,work related,screenshot
lila,11/15/19,5:25:56 AM,.mp4,886x1920,unknown,work related,screenshot
lila,11/15/19,5:15:45 AM,.mp4,886x1920,unknown,work related,screenshot
lila,11/15/19,5:08:53 AM,.mp4,886x1920,unknown,work related,screenshot
lila,11/15/19,4:12:09 AM,.mp4,886x1920,unknown,work related,screenshot
lila,11/15/19,4:05:02 AM,.mp4,886x1920,unknown,work related,screenshot
lila,11/15/19,3:30:34 AM,.mp4,886x1920,unknown,work related,screenshot
lila,11/15/19,3:29:47 AM,.mp4,886x1920,unknown,work related,screenshot
lila,11/15/19,3:28:54 AM,.mp4,886x1920,unknown,work related,screenshot
lila,11/15/19,1:50:28 AM,.mp4,886x1920,unknown,work related,screenshot
lila,11/15/19,12:57:52 AM,.mp4,886x1920,unknown,work related,screenshot
lila,11/15/19,12:57:25 AM,.mp4,886x1920,unknown,work related,screenshot
lila,11/14/19,8:42:30 PM,.mov,1920x1080,iphone xs,work related,taken by phone
lila,11/14/19,4:40:11 AM,.mp4,886x1920,unknown,work related,screenshot
lila,11/14/19,4:39:32 AM,.mp4,886x1920,unknown,work related,screenshot
lila,11/14/19,1:45:13 AM,.jpg,1124x1106,unknown,references,screenshot
lila,11/13/19,11:55:44 PM,.mp4,886x1920,unknown,work related,screenshot
lila,11/13/19,8:33:05 PM,.png,1125x2436,unknown,texts,screenshot
lila,11/13/19,11:50:40 AM,.jpg,1124x910,unknown,memes,screenshot
lila,11/13/19,11:20:33 AM,.png,1125x2436,unknown,something to remember,screenshot
lila,11/13/19,3:19:27 AM,.mp4,886x1920,unknown,work related,screenshot
lila,11/12/19,6:45:23 PM,.jpg,558x1280,iphone xs,pets,screenshot
lila,11/12/19,6:45:14 PM,.jpg,558x1280,iphone xs,pets,screenshot
lila,11/12/19,6:45:09 PM,.jpg,558x1280,iphone xs,pets,screenshot
lila,11/12/19,3:28:49 PM,.jpg,3024x4032,iphone xs,memes,taken by phone
lila,11/11/19,10:25:22 PM,.png,1125x2436,unknown,something to remember,saved
lila,11/11/19,5:50:41 PM,.png,1125x2436,unknown,memes,screenshot
lila,11/11/19,5:44:09 PM,.jpg,3024x4032,iphone xs,misc,taken by phone
lila,11/11/19,8:28:39 AM,.jpg,3024x4032,iphone xs,something to remember,taken by phone
lila,11/11/19,8:11:35 AM,.png,1125x2436,unknown,something to remember,screenshot
lila,11/11/19,12:30:47 AM,.jpg,2316x3088,iphone xs,work related,taken by phone
lila,11/11/19,12:30:37 AM,.jpg,2316x3088,iphone xs,work related,taken by phone
lila,11/10/19,10:45:36 PM,.jpg,3024x4032,iphone xs,something to remember,taken by phone
lila,11/10/19,10:12:53 PM,.jpg,3024x4032,iphone xs,references,taken by phone
lila,11/10/19,10:12:47 PM,.jpg,3024x4032,iphone xs,references,taken by phone
lila,11/10/19,4:15:15 PM,.png,1125x2436,unknown,something to remember,screenshot
lila,11/10/19,4:14:50 PM,.png,1125x2436,unknown,something to remember,screenshot
lila,11/10/19,2:51:25 PM,.jpg,3024x4032,iphone xs,something to remember,taken by phone
lila,11/10/19,2:37:29 PM,.jpg,3024x4032,iphone xs,of a thing,taken by phone
lila,11/10/19,2:32:26 PM,.jpg,3024x4032,iphone xs,of a thing,taken by phone
lila,11/10/19,2:28:22 PM,.jpg,3024x4032,iphone xs,of a thing,taken by phone
lila,11/10/19,2:27:54 PM,.jpg,3024x4032,iphone xs,of a thing,taken by phone
lila,11/10/19,2:27:50 PM,.jpg,3024x4032,iphone xs,of a thing,taken by phone
lila,11/10/19,2:25:35 PM,.jpg,2316x3088,iphone xs,selfie,taken by phone
lila,11/10/19,11:32:07 AM,.png,1125x2436,unknown,something to remember,screenshot
lila,11/10/19,11:31:56 AM,.png,3024x4032,unknown,something to remember,screenshot
lila,11/9/19,12:16:26 AM,.png,1125x2436,unknown,something to remember,screenshot
lila,11/9/19,12:15:15 AM,.png,1125x2436,unknown,something to remember,screenshot
lila,11/9/19,12:09:21 AM,.png,1125x2436,unknown,memes,screenshot
lila,11/8/19,11:32:08 PM,.jpg,2786x912,iphone xs,misc,taken by phone
lila,11/8/19,6:25:46 PM,.png,1125x2436,unknown,memes,screenshot
lila,11/8/19,4:32:11 PM,.heic,3024x4032,iphone xs,references,taken by phone
lila,11/8/19,3:16:46 PM,.mov,1080x1920,iphone xs,of someone else,taken by phone
lila,11/8/19,3:16:09 AM,.heic,3024x4032,iphone xs,of someone else,taken by phone
lila,11/7/19,11:04:20 PM,.png,1125x2436,unknown,misc,screenshot
lila,11/7/19,11:07:16 AM,.png,1125x2436,unknown,something to remember,screenshot
lila,11/6/19,4:22:02 PM,.png,1125x2436,unknown,misc,screenshot
lila,11/1/19,8:14:18 PM,.heic,3024x4032,iphone xs,of someone else,taken by phone
lila,11/1/19,8:14:14 PM,.heic,3024x4032,iphone xs,of someone else,taken by phone
lila,11/1/19,5:06:37 PM,.jpg,1236x1770,unknown,misc,saved
lila,11/1/19,4:45:35 PM,.jpg,1365x1518,unknown,misc,saved
carly,11/20/19,2:33:20 PM,.heic,3024x4032,iphone 8,pets,taken by phone
carly,11/20/19,2:33:18 PM,.heic,3024x4032,iphone 8,pets,taken by phone
carly,11/20/19,2:33:16 PM,.heic,3024x4032,iphone 8,pets,taken by phone
carly,11/20/19,2:33:13 PM,.heic,3024x4032,iphone 8,pets,taken by phone
carly,11/20/19,2:33:12 PM,.heic,3024x4032,iphone 8,pets,taken by phone
carly,11/20/19,1:09:10 PM,.png,750x1334,unknown,memes,screenshot
carly,11/20/19,1:09:03 PM,.png,750x1334,unknown,memes,screenshot
carly,11/20/19,1:13:23 AM,.jpg,640x517,unknown,memes,screenshot
carly,11/20/19,1:13:20 AM,.jpg,640x517,unknown,memes,screenshot
carly,11/20/19,1:13:23 AM,.jpg,540x436,unknown,memes,screenshot
carly,11/20/19,1:13:17 AM,.jpg,640x516,unknown,memes,screenshot
carly,11/20/19,1:13:12 AM,.jpg,1280x1034,unknown,memes,screenshot
carly,11/20/19,1:13:09 AM,.jpg,640x517,unknown,memes,screenshot
carly,11/20/19,1:13:06 AM,.jpg,400x323,unknown,memes,screenshot
carly,11/20/19,1:13:03 AM,.jpg,400x323,unknown,memes,screenshot
carly,11/20/19,1:13:01 AM,.jpg,640x517,unknown,memes,screenshot
carly,11/20/19,1:12:58 AM,.jpg,640x517,unknown,memes,screenshot
carly,11/20/19,1:12:55 AM,.jpg,640x517,unknown,memes,screenshot
carly,11/19/19,6:21:20 PM,.jpg,902x904,unknown,memes,screenshot
carly,11/19/19,6:14:26 PM,.jpg,912x600,unknown,misc,screenshot
carly,11/19/19,6:14:22 PM,.jpg,721x960,unknown,misc,screenshot
carly,11/19/19,2:08:55 PM,.png,750x1334,unknown,memes,screenshot
carly,11/18/19,11:29:55 AM,.heic,3024x4032,iphone 8,something to remember,taken by phone
carly,11/18/19,11:29:50 AM,.heic,3024x4032,iphone 8,something to remember,taken by phone
carly,11/18/19,11:29:47 AM,.heic,3024x4032,iphone 8,something to remember,taken by phone
carly,11/18/19,11:29:44 AM,.heic,3024x4032,iphone 8,something to remember,taken by phone
carly,11/18/19,11:29:41 AM,.heic,3024x4032,iphone 8,something to remember,taken by phone
carly,11/18/19,11:29:17 AM,.heic,3024x4032,iphone 8,something to remember,taken by phone
carly,11/17/19,9:46:47 PM,.jpg,767x960,unknown,memes,screenshot
carly,11/17/19,9:45:53 PM,.jpg,500x498,unknown,memes,screenshot
carly,11/17/19,7:04:16 PM,.jpg,640x860,unknown,memes,screenshot
carly,11/17/19,6:48:32 PM,.jpg,720x381,unknown,memes,screenshot
carly,11/17/19,6:31:51 PM,.jpg,960x820,unknown,memes,screenshot
carly,11/17/19,9:50:12 PM,.png,750x1334,unknown,something to remember,screenshot
carly,11/17/19,9:46:44 PM,.png,750x1334,unknown,misc,screenshot
carly,11/17/19,3:30:08 PM,.jpg,675x844,unknown,memes,screenshot
carly,11/17/19,2:41:54 PM,.jpg,1242x1884,unknown,memes,screenshot
carly,11/17/19,12:07:54 PM,.jpg,936x960,unknown,memes,screenshot
carly,11/17/19,12:01:53 PM,.jpg,479x602,unknown,memes,screenshot
carly,11/17/19,11:55:34 AM,.jpg,1340x914,unknown,something to remember,screenshot
carly,11/17/19,12:38:43 PM,.png,750x1334,unknown,something to remember,screenshot
carly,11/17/19,2:54:06 AM,.jpg,480x623,unknown,misc,saved
carly,11/17/19,2:22:07 AM,.jpg,714x780,unknown,misc,saved
carly,11/16/19,10:56:04 PM,.jpg,676x960,unknown,memes,screenshot
carly,11/16/19,11:49:01 AM,.jpg,720x921,unknown,memes,screenshot
carly,11/16/19,11:48:44 AM,.jpg,626x662,unknown,misc,screenshot
carly,11/16/19,2:15:05 PM,.png,750x1334,unknown,misc,screenshot
carly,11/14/19,9:58:34 PM,.jpg,568x628,unknown,memes,saved
carly,11/15/19,1:15:52 AM,.png,750x1334,unknown,something to remember,screenshot
carly,11/14/19,10:08:50 PM,.heic,4032x3024,iphone 8,food,taken by phone
carly,11/14/19,10:00:01 PM,.heic,4032x3024,iphone 8,food,taken by phone
carly,11/14/19,9:59:59 PM,.heic,4032x3024,iphone 8,food,taken by phone
carly,11/14/19,1:39:56 PM,.jpg,640x720,unknown,memes,saved
carly,11/14/19,6:29:47 PM,.heic,3024x4032,iphone 8,of a thing,taken by phone
carly,11/14/19,1:47:00 PM,.png,750x1334,unknown,something to remember,screenshot
carly,11/14/19,2:51:19 AM,.heic,3024x4032,iphone 8,pets,taken by phone
carly,11/14/19,2:51:17 AM,.heic,3024x4032,iphone 8,pets,taken by phone
carly,11/14/19,2:51:08 AM,.heic,3024x4032,iphone 8,pets,taken by phone
carly,11/14/19,2:50:58 AM,.heic,3024x4032,iphone 8,pets,taken by phone
carly,11/14/19,2:50:55 AM,.heic,3024x4032,iphone 8,pets,taken by phone
carly,11/14/19,2:50:54 AM,.heic,3024x4032,iphone 8,pets,taken by phone
carly,11/14/19,2:50:52 AM,.heic,3024x4032,iphone 8,pets,taken by phone
carly,11/14/19,2:50:50 AM,.heic,3024x4032,iphone 8,pets,taken by phone
carly,11/13/19,7:40:01 PM,.jpg,480x480,unknown,memes,saved
carly,11/13/19,7:39:30 PM,.jpg,870x708,unknown,memes,saved
carly,11/13/19,7:38:00 PM,.jpg,664x844,unknown,memes,saved
carly,11/13/19,7:36:00 PM,.jpg,660x510,unknown,misc,saved
carly,11/13/19,7:21:32 PM,.jpg,640x853,unknown,memes,saved
carly,11/13/19,7:19:30 PM,.jpg,1079x1276,unknown,memes,saved
carly,11/13/19,8:49:26 PM,.png,750x1334,unknown,something to remember,screenshot
carly,11/13/19,8:55:27 AM,.jpg,1038x1845,unknown,memes,screenshot
carly,11/13/19,12:45:18 PM,.png,750x1334,unknown,something to remember,screenshot
carly,11/13/19,12:18:24 PM,.png,750x1334,unknown,texts,screenshot
carly,11/12/19,8:59:53 PM,.heic,4032x3024,iphone 8,misc,taken by phone
carly,11/12/19,1:54:30 PM,.jpg,1080x1095,unknown,memes,saved
carly,11/12/19,12:13:57 AM,.jpg,720x960,unknown,memes,saved
carly,11/12/19,12:13:35 PM,.jpg,960x946,unknown,memes,saved
carly,11/12/19,12:12:30 AM,.jpg,960x934,unknown,memes,saved
carly,11/12/19,12:11:40 AM,.jpg,945x932,unknown,memes,saved
carly,11/11/19,10:50:33 PM,.jpg,750x714,unknown,misc,saved
carly,11/12/19,12:12:22 PM,.png,750x1334,unknown,something to remember,screenshot
carly,11/11/19,10:51:59 PM,.png,750x1334,unknown,misc,screenshot
carly,11/11/19,10:50:24 PM,.png,750x1334,unknown,misc,screenshot
carly,11/11/19,7:14:29 PM,.png,750x1334,unknown,something to remember,screenshot
carly,11/10/19,4:07:58 PM,.jpg,1242x906,unknown,memes,saved
carly,11/10/19,4:07:20 PM,.jpg,720x620,unknown,memes,saved
carly,11/10/19,2:59:36 AM,.jpg,2048x1214,unknown,memes,saved
carly,11/10/19,2:16:53 PM,.jpg,389x280,unknown,work related,saved
carly,11/10/19,2:15:06 PM,.jpg,1920x1080,unknown,work related,saved
carly,11/10/19,12:55:29 PM,.jpg,540x960,unknown,memes,saved
carly,11/10/19,12:18:04 PM,.jpg,720x643,unknown,memes,saved
carly,11/10/19,4:08:35 PM,.png,750x1334,unknown,something to remember,screenshot
carly,11/10/19,4:08:31 PM,.png,750x1334,unknown,something to remember,screenshot
carly,11/10/19,4:08:28 PM,.png,750x1334,unknown,something to remember,screenshot
carly,11/10/19,2:18:22 PM,.png,750x1334,unknown,lock screen,screenshot
carly,11/10/19,2:18:18 PM,.png,750x1334,unknown,lock screen,screenshot
carly,11/10/19,2:16:15 PM,.png,750x1334,unknown,lock screen,screenshot
carly,11/10/19,2:15:58 PM,.png,750x1334,unknown,lock screen,screenshot
carly,11/10/19,3:17:41 AM,.jpg,720x894,unknown,memes,saved
carly,11/10/19,3:14:30 AM,.jpg,622x401,unknown,memes,saved
trevor,11/10/19,3:14:30 AM,.jpg,622x401,unknown,memes,saved
trevor,11/21/19,2:36:23 AM,.mp4,720x1280,iphone 7,of someone else,taken by phone
trevor,11/21/19,2:36:21 AM,.mp4,720x1280,iphone 7,of someone else,taken by phone
trevor,11/21/19,2:36:20 AM,.mp4,720x1280,iphone 7,of someone else,taken by phone
trevor,11/21/19,2:36:19 AM,.mp4,720x1280,iphone 7,of someone else,taken by phone
trevor,11/21/19,2:36:17 AM,.mp4,720x1280,iphone 7,of someone else,taken by phone
trevor,11/20/19,1:58:14 AM,.jpg,867x727,unknown,memes,saved
trevor,11/19/19,12:26:28 PM,.png,750x1334,unknown,texts,screenshot
trevor,11/19/19,1:04:24 AM,.jpg,750x1334,iphone 7,of someone else,taken by phone
trevor,11/16/19,9:54:16 PM,.jpg,750x1334,iphone 7,of someone else,taken by phone
trevor,11/16/19,7:03:41 AM,.jpg,1920x1080,unknown,memes,screenshot
trevor,11/16/19,12:09:47 AM,.jpg,353x1045,unknown,memes,saved
trevor,11/15/19,12:53:00 PM,.png,750x1334,unknown,selfie,saved
trevor,11/14/19,12:16:20 PM,.png,750x1334,unknown,texts,screenshot
trevor,11/13/19,1:43:52 PM,.jpg,6600x10200,unknown,something to remember,saved
trevor,11/13/19,1:18:18 PM,.jpg,6600x10200,unknown,something to remember,saved
trevor,11/13/19,1:22:33 PM,.png,750x1334,unknown,texts,screenshot
trevor,11/13/19,1:21:32 PM,.png,750x1334,unknown,texts,screenshot
trevor,11/12/19,5:47:43 PM,.jpg,874x1346,unknown,something to remember,saved
trevor,11/12/19,7:52:38 PM,.png,750x1334,unknown,texts,screenshot
trevor,11/12/19,7:18:06 PM,.png,750x1334,unknown,something to remember,screenshot
trevor,11/12/19,7:17:59 PM,.png,750x1334,unknown,something to remember,screenshot
trevor,11/12/19,7:06:55 PM,.jpg,1650x2550,unknown,something to remember,saved
trevor,11/12/19,4:16:45 PM,.heic,3024x4032,iphone 7,misc,taken by phone
trevor,11/12/19,9:23:49 AM,.png,750x1334,unknown,something to remember,screenshot
trevor,11/12/19,12:21:20 AM,.png,750x1334,unknown,misc,screenshot
trevor,11/11/19,6:45:23 PM,.heic,3024x4032,iphone 7,work related,taken by phone
trevor,11/11/19,6:44:18 PM,.heic,3024x4032,iphone 7,work related,taken by phone
trevor,11/11/19,12:33:20 PM,.jpg,1024x768,unknown,something to remember,saved
trevor,11/10/19,5:34:04 PM,.png,750x1334,unknown,texts,screenshot
trevor,11/10/19,5:33:59 PM,.png,750x1334,unknown,texts,screenshot
trevor,11/9/19,1:46:23 PM,.png,750x1334,unknown,something to remember,screenshot
trevor,11/9/19,12:02:05 PM,.jpg,750x1334,unknown,something to remember,screenshot
trevor,11/8/19,12:08:28 PM,.png,750x1334,unknown,something to remember,screenshot
trevor,11/7/19,6:51:30 PM,.png,750x1334,unknown,misc,screenshot
trevor,11/6/19,8:24:46 PM,.jpg,1600x1600,iphone 7,something to remember,taken by phone
trevor,11/4/19,10:34:00 AM,.png,750x133,unknown,memes,screenshot
trevor,11/3/19,1:09:46 AM,.heic,3024x4032,iphone 7,references,taken by phone
trevor,11/2/19,12:16:43 PM,.jpg,750x1334,iphone 7,of someone else,taken by phone
trevor,11/1/19,3:26:19 PM,.png,750x1334,unknown,lock screen,screenshot
trevor,11/1/19,1:52:10 AM,.jpg,750x1334,iphone 7,of someone else,taken by phone
trevor,11/1/19,1:51:54 AM,.jpg,750x1334,iphone 7,of someone else,taken by phone
trevor,10/31/19,12:18:14 PM,.jpg,710x715,unknown,memes,saved
trevor,10/28/19,4:50:52 PM,.jpg,1024x768,unknown,something to remember,saved
trevor,10/28/19,6:45:53 PM,.heic,3024x4032,iphone 7,misc,taken by phone
trevor,10/28/19,6:45:37 PM,.heic,3024x4032,iphone 7,misc,taken by phone
trevor,10/28/19,6:45:22 PM,.heic,3024x4032,iphone 7,misc,taken by phone
trevor,10/28/19,6:42:56 PM,.heic,3024x4032,iphone 7,misc,taken by phone
trevor,10/28/19,6:40:38 PM,.heic,3024x4032,iphone 7,memes,taken by phone
trevor,10/28/19,6:39:21 PM,.heic,3024x4032,iphone 7,of a thing,taken by phone
trevor,10/28/19,6:38:38 PM,.heic,4032x3024,iphone 7,of a thing,taken by phone
trevor,10/28/19,6:37:08 PM,.heic,3024x4032,iphone 7,misc,taken by phone
trevor,10/28/19,6:35:48 PM,.heic,3024x4032,iphone 7,of a thing,taken by phone
trevor,10/28/19,6:35:25 PM,.heic,3024x4032,iphone 7,of a thing,taken by phone
trevor,10/28/19,11:19:30 AM,.jpg,750x1334,iphone 7,of someone else,taken by phone
trevor,10/27/19,10:24:04 PM,.png,750x1334,unknown,of someone else,saved
trevor,10/27/19,10:20:33 PM,.png,750x1334,unknown,memes,saved
trevor,10/24/19,9:12:30 PM,.jpg,750x1334,unknown,selfie,taken by phone
trevor,10/24/19,9:29:41 AM,.png,750x1334,unknown,memes,saved
trevor,10/21/19,11:25:50 AM,.png,750x1334,unknown,of someone else,saved
trevor,10/20/19,12:14:39 AM,.jpg,750x1334,iphone 7,of someone else,taken by phone
trevor,10/20/19,12:14:33 AM,.jpg,750x1334,iphone 7,of someone else,taken by phone
trevor,10/20/19,12:14:28 AM,.jpg,750x1334,iphone 7,of someone else,taken by phone
trevor,10/20/19,12:14:13 AM,.jpg,750x1334,iphone 7,of someone else,taken by phone
trevor,10/19/19,10:12:04 PM,.jpg,750x1334,unknown,memes,saved
trevor,10/20/19,12:13:59 AM,.heic,3024x4032,iphone 7,of someone else,taken by phone
trevor,10/19/19,10:45:20 PM,.heic,3024x4032,iphone 7,of a thing,taken by phone
trevor,10/19/19,10:45:15 PM,.heic,3024x4032,iphone 7,of a thing,taken by phone
trevor,10/19/19,10:42:47 PM,.heic,3024x4032,iphone 7,of a thing,taken by phone
trevor,10/18/19,7:41:46 PM,.png,750x1334,unknown,something to remember,screenshot
trevor,10/18/19,6:01:10 PM,.png,750x1334,unknown,lock screen,screenshot
trevor,10/17/19,12:24:05 AM,.png,750x1334,unknown,memes,screenshot
trevor,10/16/19,12:42:18 PM,.png,750x1334,unknown,something to remember,screenshot
trevor,10/15/19,5:28:17 PM,.jpg,804x804,unknown,memes,saved
trevor,10/14/19,6:42:16 PM,.jpg,652x652,unknown,memes,saved
trevor,10/14/19,6:37:26 PM,.jpg,750x809,unknown,memes,saved
trevor,10/14/19,1:10:13 AM,.mp4,720x1280,iphone 7,pets,taken by phone
trevor,10/11/19,10:22:33 PM,.jpg,750x1334,iphone 7,of a thing,taken by phone
trevor,10/11/19,2:15:07 AM,.png,750x1334,unknown,lock screen,screenshot
trevor,10/11/19,2:14:51 AM,.png,750x1334,unknown,lock screen,screenshot
trevor,10/10/19,11:03:15 PM,.heic,3024x4032,iphone 7,of someone else,taken by phone
trevor,10/10/19,11:03:14 PM,.heic,3024x4032,iphone 7,of someone else,taken by phone
trevor,10/10/19,11:03:12 PM,.heic,3024x4032,iphone 7,of someone else,taken by phone
trevor,10/10/19,11:03:11 PM,.heic,3024x4032,iphone 7,of someone else,taken by phone
trevor,10/10/19,11:03:08 PM,.heic,3024x4032,iphone 7,of someone else,taken by phone
trevor,10/10/19,11:02:50 PM,.heic,3024x4032,iphone 7,of someone else,taken by phone
trevor,10/10/19,11:02:49 PM,.heic,3024x4032,iphone 7,of someone else,taken by phone
trevor,10/10/19,7:57:55 PM,.heic,3024x4032,iphone 7,of a thing,taken by phone
trevor,10/10/19,7:57:45 PM,.heic,3024x4032,iphone 7,of a thing,taken by phone
trevor,10/10/19,7:57:35 PM,.heic,3024x4032,iphone 7,of a thing,taken by phone
trevor,10/9/19,1:41:06 AM,.jpg,960x700,unknown,memes,saved
trevor,10/9/19,1:34:56 AM,.heic,3024x4032,iphone 7,of someone else,taken by phone
trevor,10/8/19,9:54:11 PM,.heic,3024x4032,iphone 7,of someone else,taken by phone
trevor,10/8/19,9:54:07 PM,.heic,3024x4032,iphone 7,of someone else,taken by phone
trevor,10/8/19,9:54:06 PM,.heic,3024x4032,iphone 7,of someone else,taken by phone
trevor,10/8/19,9:54:05 PM,.heic,3024x4032,iphone 7,of someone else,taken by phone
trevor,10/8/19,9:54:00 PM,.heic,3024x4032,iphone 7,of someone else,taken by phone
trevor,10/8/19,4:19:25 PM,.png,750x1334,unknown,something to remember,screenshot
trevor,10/6/19,5:33:50 PM,.png,750x1334,unknown,misc,screenshot
trevor,10/5/19,7:35:07 PM,.jpg,750x1334,iphone 7,of someone else,taken by phone
tara,11/20/19,11:28:30 PM,.mp4,720x1280,unknown,food,taken by phone
tara,11/20/19,6:27:48 PM,.jpg,636x168,unknown,texts,screenshot
tara,11/20/19,6:27:41 PM,.jpg,828x425,unknown,texts,screenshot
tara,11/20/19,11:26:21 PM,.mp4,640x640,unknown,memes,saved
tara,11/20/19,11:26:00 PM,.mp4,720x1280,unknown,work related,taken by phone
tara,11/20/19,11:25:57 PM,.mp4,480x848,unknown,of someone else,taken by phone
tara,11/20/19,11:24:59 PM,.mp4,720x1280,unknown,of someone else,taken by phone
tara,11/20/19,11:24:56 PM,.mp4,720x1280,unknown,of someone else,taken by phone
tara,11/20/19,11:24:54 PM,.mp4,720x1280,unknown,of someone else,taken by phone
tara,11/20/19,11:24:54 PM,.mp4,720x1280,unknown,of someone else,taken by phone
tara,11/20/19,11:24:52 PM,.mp4,720x1280,unknown,food,taken by phone
tara,11/20/19,11:24:51 PM,.mp4,720x1280,unknown,food,taken by phone
tara,11/20/19,11:24:48 PM,.mp4,720x1280,unknown,food,taken by phone
tara,11/20/19,6:04:58 PM,.jpg,828x1792,unknown,texts,screenshot
tara,11/20/19,4:48:13 AM,.jpg,900x1600,unknown,of someone else,taken by phone
tara,11/19/19,11:47:48 PM,.jpg,1536x2048,iphone xr,selfie,taken by phone
tara,11/19/19,10:54:19 PM,.jpg,1536x2731,iphone xr,of someone else,taken by phone
tara,11/19/19,9:23:38 PM,.jpg,828x1792,unknown,something to remember,screenshot
tara,11/19/19,9:23:34 PM,.jpg,828x1792,unknown,something to remember,screenshot
tara,11/19/19,8:47:23 PM,.jpg,1024x768,unknown,misc,saved
tara,11/19/19,8:47:23 PM,.jpg,1024x768,unknown,misc,saved
tara,11/19/19,6:03:56 PM,.jpg,828x1792,unknown,memes,screenshot
tara,11/19/19,5:50:10 PM,.jpg,739x1600,unknown,of phone owner,screenshot
tara,11/19/19,5:05:01 PM,.jpg,828x1792,unknown,texts,screenshot
tara,11/19/19,5:03:33 PM,.jpg,739x1600,unknown,selfie,screenshot
tara,11/19/19,4:53:57 PM,.jpg,828x1792,unknown,of someone else,screenshot
tara,11/19/19,4:51:08 PM,.jpg,828x1792,unknown,of someone else,screenshot
tara,11/19/19,3:15:32 PM,.jpg,828x1792,unknown,memes,screenshot
tara,11/19/19,3:15:17 PM,.jpg,739x1600,unknown,memes,screenshot
tara,11/19/19,2:47:50 PM,.jpg,1536x2048,iphone xr,work related,taken by phone
tara,11/19/19,12:34:24 PM,.jpg,739x1600,unknown,selfie,screenshot
tara,11/19/19,12:26:56 PM,.jpg,1536x2732,iphone xr,selfie,taken by phone
tara,11/19/19,12:07:52 PM,.jpg,739x1600,unknown,of someone else,screenshot
tara,11/19/19,11:57:19 AM,.jpg,739x1600,unknown,of phone owner,screenshot
tara,11/19/19,11:52:47 AM,.jpg,1536x2731,iphone xr,food,taken by phone
tara,11/19/19,11:29:45 AM,.jpg,828x1792,unknown,misc,screenshot
tara,11/19/19,11:11:13 AM,.jpg,739x1600,unknown,pets,screenshot
tara,11/19/19,10:56:58 AM,.jpg,828x1792,unknown,memes,screenshot
tara,11/19/19,8:54:51 AM,.jpg,785x981,unknown,memes,screenshot
tara,11/19/19,8:54:26 AM,.jpg,794x992,unknown,memes,screenshot
tara,11/19/19,7:35:48 PM,.jpg,739x1600,unknown,of phone owner,screenshot
tara,11/19/19,1:37:07 AM,.jpg,828x1792,unknown,memes,screenshot
tara,11/19/19,1:04:16 AM,.jpg,780x1040,unknown,misc,saved
tara,11/19/19,1:03:26 AM,.jpg,780x1040,unknown,misc,saved
tara,11/18/19,4:39:57 PM,.jpg,828x1792,unknown,texts,screenshot
tara,11/18/19,3:03:59 PM,.jpg,1536x2048,iphone xr,of a thing,taken by phone
tara,11/18/19,1:36:35 PM,.jpg,828x1792,unknown,misc,screenshot
tara,11/18/19,1:20:09 PM,.jpg,828x1792,unknown,of someone else,screenshot
tara,11/18/19,1:10:16 PM,.jpg,792x1056,unknown,of a thing,saved
tara,11/18/19,12:47:31 PM,.jpg,1536x2731,iphone xr,of a thing,taken by phone
tara,11/18/19,12:47:25 PM,.jpg,1536x2731,iphone xr,of a thing,taken by phone
tara,11/18/19,12:46:44 PM,.jpg,1536x2731,iphone xr,of a thing,taken by phone
tara,11/18/19,9:57:54 AM,.jpg,720x1280,unknown,references,saved
tara,11/18/19,12:18:48 AM,.jpg,1536x2048,iphone xr,of a thing,taken by phone
tara,11/17/19,11:32:23 PM,.jpg,780x1040,unknown,something to remember,saved
tara,11/17/19,11:31:15 PM,.jpg,488x1040,unknown,of a thing,taken by phone
tara,11/17/19,11:31:15 PM,.jpg,488x1040,unknown,of a thing,taken by phone
tara,11/17/19,11:31:14 PM,.jpg,911x668,unknown,of a thing,saved
tara,11/17/19,11:31:14 PM,.jpg,1036x492,unknown,of a thing,taken by phone
tara,11/17/19,11:31:14 PM,.jpg,1036x492,unknown,of a thing,taken by phone
tara,11/17/19,11:29:48 PM,.jpg,1036x492,unknown,of a thing,taken by phone
tara,11/17/19,11:29:48 PM,.jpg,1036x492,unknown,of a thing,taken by phone
tara,11/17/19,11:29:47 PM,.jpg,1036x492,unknown,of a thing,taken by phone
tara,11/17/19,11:29:16 PM,.jpg,780x1040,unknown,of a thing,taken by phone
tara,11/17/19,11:29:15 PM,.jpg,780x1040,unknown,of a thing,taken by phone
tara,11/17/19,10:43:46 PM,.jpg,828x1782,unknown,something to remember,screenshot
tara,11/17/19,8:57:17 PM,.jpg,1536x2048,iphone xr,selfie,taken by phone
tara,11/17/19,8:22:22 PM,.jpg,1536x2731,iphone xr,of a thing,taken by phone
tara,11/17/19,8:14:55 PM,.jpg,1536x2731,iphone xr,of a thing,taken by phone
tara,11/17/19,8:11:18 PM,.jpg,1536x2731,iphone xr,of a thing,taken by phone
tara,11/17/19,8:09:50 PM,.jpg,1536x2731,iphone xr,of a thing,taken by phone
tara,11/17/19,8:08:38 PM,.jpg,1536x2731,iphone xr,of a thing,taken by phone
tara,11/17/19,8:06:04 PM,.jpg,1536x2731,iphone xr,of a thing,taken by phone
tara,11/17/19,8:05:49 PM,.jpg,1536x2731,iphone xr,of a thing,taken by phone
tara,11/17/19,8:05:37 PM,.jpg,1536x2731,iphone xr,of a thing,taken by phone
tara,11/17/19,8:05:08 PM,.jpg,1536x2731,iphone xr,of a thing,taken by phone
tara,11/17/19,8:04:59 PM,.jpg,1536x2731,iphone xr,of a thing,taken by phone
tara,11/17/19,8:04:50 PM,.jpg,1536x2731,iphone xr,of a thing,taken by phone
tara,11/17/19,8:04:43 PM,.jpg,1536x2731,iphone xr,of a thing,taken by phone
tara,11/17/19,8:04:35 PM,.jpg,1536x2731,iphone xr,of a thing,taken by phone
tara,11/17/19,8:03:56 PM,.jpg,1536x2731,iphone xr,of a thing,taken by phone
tara,11/17/19,7:58:23 PM,.jpg,828x1792,unknown,texts,screenshot
tara,11/17/19,5:55:18 PM,.jpg,828x1792,unknown,texts,screenshot
tara,11/17/19,4:45:30 PM,.jpg,739x1600,unknown,of phone owner,screenshot
tara,11/17/19,4:29:37 PM,.jpg,750x998,unknown,of someone else,saved
tara,11/17/19,3:52:13 PM,.jpg,1536x2048,iphone xr,of a thing,taken by phone
tara,11/17/19,3:29:16 PM,.jpg,1536x2048,iphone xr,of a thing,taken by phone
tara,11/17/19,3:29:10 PM,.jpg,1536x2048,iphone xr,of a thing,taken by phone
tara,11/17/19,3:10:59 PM,.jpg,1536x2048,iphone xr,of a thing,taken by phone
tara,11/17/19,3:01:47 PM,.jpg,1536x2048,iphone xr,of a thing,taken by phone
tara,11/17/19,2:56:00 PM,.jpg,1536x2048,iphone xr,of a thing,taken by phone
tara,11/17/19,2:55:56 PM,.jpg,1536x2048,iphone xr,of a thing,taken by phone
tara,11/17/19,2:20:21 PM,.jpg,1536x2048,iphone xr,of a thing,taken by phone
tara,11/17/19,2:20:13 PM,.jpg,1536x2048,iphone xr,of a thing,taken by phone
tara,11/17/19,2:17:20 PM,.jpg,828x1792,unknown,of a thing,screenshot
tara,11/17/19,2:13:44 PM,.jpg,1536x2048,iphone xr,pets,taken by phone
tara,11/17/19,2:13:40 PM,.jpg,1536x2048,iphone xr,pets,taken by phone
tara,11/17/19,1:43:08 PM,.jpg,1536x2048,iphone xr,selfie,taken by phone
tara,11/17/19,1:41:15 PM,.jpg,1537x2049,iphone xr,food,taken by phone
tara,11/17/19,1:40:12 PM,.jpg,739x1600,unknown,selfie,screenshot
arin,11/21/19,11:40:28 PM,.png,739x1600,unknown,work related,saved
arin,11/21/19,11:40:22 PM,.jpg,2021x1515,unknown,work related,saved
arin,11/21/19,11:40:16 PM,.jpg,1024x1820,unknown,work related,saved
arin,11/21/19,11:40:10 PM,.jpg,1080x720,unknown,"selfie, pets",saved
arin,11/21/19,11:40:08 PM,.jpg,2032x1524,unknown,work related,saved
arin,11/21/19,11:40:02 PM,.jpg,2800x1518,unknown,work related,saved
arin,11/21/19,11:40:02 PM,.jpg,2030x1522,unknown,work related,saved
arin,11/21/19,11:40:02 PM,.jpg,2004x1502,unknown,work related,saved
arin,11/21/19,11:39:58 PM,.jpg,2880x1522,unknown,work related,saved
arin,11/21/19,11:39:58 PM,.jpg,2880x1522,unknown,work related,saved
arin,11/21/19,11:39:56 PM,.jpg,2028x1520,unknown,work related,saved
arin,11/21/19,11:39:56 PM,.jpg,2018x1514,unknown,work related,saved
arin,11/21/19,11:39:56 PM,.jpg,2040x1530,unknown,work related,saved
arin,11/21/19,11:39:50 PM,.jpg,2048x2048,unknown,work related,saved
arin,11/21/19,11:39:46 PM,.jpg,2026x1520,unknown,work related,saved
arin,11/21/19,11:39:46 PM,.jpg,2158x1522,unknown,work related,saved
arin,11/21/19,11:39:42 PM,.jpg,2045x1534,unknown,work related,saved
arin,11/21/19,11:39:24 PM,.jpg,2024x1518,unknown,work related,saved
arin,11/21/19,11:39:12 PM,.jpg,2018x1514,unknown,work related,saved
arin,11/21/19,11:39:08 PM,.jpg,2034x1526,unknown,work related,saved
arin,11/21/19,11:39:02 PM,.jpg,2028x1520,unknown,work related,saved
arin,11/21/19,11:38:58 PM,.jpg,2158x1522,unknown,work related,saved
arin,11/21/19,11:38:56 PM,.jpg,2880x1522,unknown,work related,saved
arin,11/21/19,11:38:56 PM,.jpg,1024x1820,unknown,pets,taken by phone
arin,11/21/19,11:38:52 PM,.jpg,2156x1518,unknown,work related,saved
arin,11/21/19,11:38:52 PM,.jpg,1080x720,unknown,"selfie, pets",saved
arin,11/21/19,11:38:48 PM,.jpg,2041x1530,unknown,work related,saved
arin,11/18/19,10:41:26 PM,.png,1242x2208,unknown,work related,screenshot
arin,11/18/19,5:23:13 PM,.heic,3024x4032,iphone 8 plus,selfie,taken by phone
arin,11/18/19,5:23:08 PM,.heic,3024x4032,iphone 8 plus,of a thing,taken by phone
arin,11/18/19,5:23:07 PM,.heic,3024x4032,iphone 8 plus,of a thing,taken by phone
arin,11/18/19,5:23:04 PM,.heic,3024x4032,iphone 8 plus,selfie,taken by phone
arin,11/18/19,4:44:59 PM,.heic,4032x3024,iphone 8 plus,of a thing,taken by phone
arin,11/18/19,4:44:04 PM,.heic,3024x4032,iphone 8 plus,of a thing,taken by phone
arin,11/18/19,3:56:18 PM,.jpg,3024x4032,iphone 8 plus,pets,taken by phone
arin,11/18/19,2:04:21 PM,.heic,4032x3024,iphone 8 plus,of someone else,taken by phone
arin,11/18/19,2:03:45 PM,.heic,4032x3024,iphone 8 plus,of someone else,taken by phone
arin,11/18/19,1:38:51 PM,.heic,3024x4032,iphone 8 plus,of someone else,taken by phone
arin,11/18/19,1:15:32 PM,.heic,3024x4032,iphone 8 plus,of someone else,taken by phone
arin,11/18/19,8:55:42 AM,.heic,4032x3024,iphone 8 plus,of someone else,taken by phone
arin,11/17/19,9:35:06 PM,.png,1242x2208,unknown,memes,screenshot
arin,11/17/19,8:21:46 PM,.mov,720x1280,unknown,of someone else,taken by phone
arin,11/17/19,2:06:39 PM,.heic,3024x4032,iphone 8 plus,of a thing,taken by phone
arin,11/17/19,2:06:37 PM,.jpg,2873x3831,iphone 8 plus,of a thing,taken by phone
arin,11/17/19,10:28:06 AM,.heic,3024x4032,iphone 8 plus,of a thing,taken by phone
arin,11/17/19,10:28:01 AM,.heic,3024x4032,iphone 8 plus,of a thing,taken by phone
arin,11/17/19,9:27:12 AM,.heic,3024x4032,iphone 8 plus,pets,taken by phone
arin,11/17/19,9:27:08 AM,.heic,3024x4032,iphone 8 plus,pets,taken by phone
arin,11/16/19,6:07:51 PM,.heic,3024x4032,iphone 8 plus,of a thing,taken by phone
arin,11/16/19,4:22:34 PM,.jpg,2160x3840,iphone 8 plus,"selfie, pets",taken by phone
arin,11/16/19,4:22:34 PM,.jpg,2160x3840,iphone 8 plus,"selfie, pets",taken by phone
arin,11/16/19,4:22:28 PM,.jpg,2160x3840,iphone 8 plus,"selfie, pets",taken by phone
arin,11/16/19,4:22:15 PM,.jpg,2160x3840,iphone 8 plus,"selfie, pets",taken by phone
arin,11/15/19,11:32:45 PM,.heic,3024x4032,iphone 8 plus,"of someone else, pets",taken by phone
arin,11/15/19,11:32:44 PM,.heic,3024x4032,iphone 8 plus,"of someone else, pets",taken by phone
arin,11/15/19,11:32:43 PM,.heic,3024x4032,iphone 8 plus,"of someone else, pets",taken by phone
arin,11/15/19,10:41:20 PM,.jpeg,3024x4032,iphone 8 plus,"of someone else, pets",taken by phone
arin,11/15/19,10:41:15 PM,.heic,3024x4032,iphone 8 plus,"of someone else, pets",taken by phone
arin,11/15/19,10:41:07 PM,.heic,3024x4032,iphone 8 plus,"of someone else, pets",taken by phone
arin,11/15/19,4:40:59 PM,.jpg,3024x4032,iphone 8 plus,of a thing,taken by phone
arin,11/15/19,12:46:20 PM,.heic,3024x4032,iphone 8 plus,pets,taken by phone
arin,11/14/19,4:56:27 PM,.heic,3024x4032,iphone 8 plus,of a place,taken by phone
arin,11/14/19,4:56:24 PM,.jpeg,3024x4032,iphone 8 plus,of a place,taken by phone
arin,11/14/19,4:56:19 PM,.heic,4032x3024,iphone 8 plus,of a place,taken by phone
arin,11/14/19,4:56:18 PM,.heic,4032x3024,iphone 8 plus,of a place,taken by phone
arin,11/14/19,4:56:09 PM,.heic,3024x4032,iphone 8 plus,of a place,taken by phone
arin,11/14/19,4:54:38 PM,.heic,4032x3024,iphone 8 plus,of a thing,taken by phone
arin,11/14/19,4:50:14 PM,.heic,3024x4032,iphone 8 plus,of a place,taken by phone
arin,11/14/19,4:50:08 PM,.heic,4032x3024,iphone 8 plus,of a place,taken by phone
arin,11/14/19,4:50:07 PM,.heic,4032x3024,iphone 8 plus,of a place,taken by phone
arin,11/14/19,4:49:58 PM,.heic,4032x3024,iphone 8 plus,of a place,taken by phone
arin,11/14/19,4:49:53 PM,.heic,3024x4032,iphone 8 plus,of a place,taken by phone
arin,11/14/19,4:31:58 PM,.jpg,3000x4000,iphone 8 plus,of a place,taken by phone
arin,11/14/19,4:31:55 PM,.heic,3024x4032,iphone 8 plus,of a place,taken by phone
arin,11/14/19,4:31:49 PM,.heic,3024x4032,iphone 8 plus,of a place,taken by phone
arin,11/14/19,4:31:40 PM,.jpg,3024x4032,iphone 8 plus,of a place,taken by phone
arin,11/14/19,1:27:27 PM,.png,1242x2208,unknown,texts,screenshot
arin,11/14/19,9:48:00 AM,.png,1242x2208,unknown,something to remember,screenshot
arin,11/14/19,8:29:31 AM,.png,1242x2208,unknown,something to remember,screenshot
arin,11/14/19,5:12:50 AM,.heic,3024x4032,iphone 8 plus,of a thing,taken by phone
arin,11/14/19,5:12:45 AM,.heic,3024x4032,iphone 8 plus,of a thing,taken by phone
arin,11/13/19,10:59:50 PM,.heic,2320x3088,iphone 8 plus,selfie,taken by phone
arin,11/13/19,10:19:06 PM,.jpg,2160x3840,iphone 8 plus,of a thing,taken by phone
arin,11/13/19,7:29:38 PM,.heic,3024x4032,iphone 8 plus,pets,taken by phone
arin,11/13/19,7:15:11 PM,.heic,3024x4032,iphone 8 plus,"of someone else, pets",taken by phone
arin,11/12/19,5:13:51 PM,.jpg,4032x3024,iphone 8 plus,of a place,taken by phone
arin,11/10/19,4:26:44 PM,.heic,2320x3088,iphone 8 plus,selfie,taken by phone
arin,11/10/19,4:19:11 PM,.heic,3024x4032,iphone 8 plus,something to remember,taken by phone
arin,11/9/19,9:26:19 PM,.heic,3024x4032,iphone 8 plus,pets,taken by phone
arin,11/9/19,9:10:51 PM,.png,1242x2208,unknown,lock screen,screenshot
arin,11/9/19,7:45:32 PM,.heic,3024x4032,iphone 8 plus,pets,taken by phone
arin,11/8/19,10:43:14 PM,.heic,3024x4032,iphone 8 plus,pets,taken by phone
arin,11/6/19,5:14:55 PM,.heic,3024x4032,iphone 8 plus,of a thing,taken by phone
arin,11/6/19,4:59:57 PM,.heic,3024x4032,iphone 8 plus,of a thing,taken by phone
arin,11/6/19,4:57:37 PM,.heic,3024x4032,iphone 8 plus,of a thing,taken by phone
arin,11/5/19,8:13:45 PM,.heic,3024x4032,iphone 8 plus,selfie,taken by phone
arin,11/5/19,4:45:39 PM,.jpg,3024x4032,iphone 8 plus,of a thing,taken by phone
arin,11/5/19,10:20:37 AM,.heic,3024x4032,iphone 8 plus,of a thing,taken by phone
arin,11/1/19,11:59:04 PM,.heic,3024x4032,iphone 8 plus,selfie,taken by phone
arin,10/29/19,7:35:45 PM,.heic,3024x4032,iphone 8 plus,of someone else,taken by phone
sam,11/20/19,2:24:04 AM,.jpg,3973x2979,google pixel 2,work related,taken by phone
sam,11/19/19,9:20:44 PM,.jpg,564x564,unknown,references,saved
sam,11/19/19,9:20:04 PM,.png,1080x1920,unknown,references,saved
sam,11/19/19,8:26:29 PM,.jpg,720x1280,unknown,references,saved
sam,11/19/19,8:17:28 PM,.jpg,736x736,unknown,references,saved
sam,11/19/19,8:14:26 PM,.jpg,480x480,unknown,references,saved
sam,11/19/19,8:12:03 PM,.jpg,713x713,unknown,references,saved
sam,11/19/19,9:14:36 PM,.jpg,3024x4032,google pixel 2,work related,taken by phone
sam,11/19/19,6:58:55 PM,.jpg,3024x4032,google pixel 2,work related,taken by phone
sam,11/19/19,6:58:49 PM,.jpg,3024x4032,google pixel 2,work related,taken by phone
sam,11/18/19,8:20:12 PM,.jpg,700x615,unknown,memes,saved
sam,11/18/19,5:10:04 PM,.jpg,1080x1091,unknown,memes,saved
sam,11/18/19,4:42:37 PM,.jpg,736x1047,unknown,references,saved
sam,11/18/19,4:42:35 PM,.jpg,736x1047,unknown,references,saved
sam,11/18/19,4:42:35 PM,.jpg,736x1047,unknown,references,saved
sam,11/18/19,4:42:23 PM,.jpg,483x725,unknown,references,saved
sam,11/18/19,4:33:14 PM,.jpg,736x736,unknown,references,saved
sam,11/18/19,4:32:26 PM,.jpg,400x400,unknown,references,saved
sam,11/18/19,4:32:26 PM,.jpg,736x736,unknown,references,saved
sam,11/18/19,4:21:33 PM,.jpg,200x167,unknown,references,saved
sam,11/18/19,4:21:33 PM,.jpg,483x354,unknown,references,saved
sam,11/18/19,12:58:19 PM,.jpg,1200x1600,unknown,of someone else,taken by phone
sam,11/18/19,12:58:19 PM,.jpg,1536x2048,unknown,of someone else,taken by phone
sam,11/18/19,12:58:16 PM,.jpg,1200x1600,unknown,of someone else,taken by phone
sam,11/18/19,12:57:15 PM,.jpg,750x630,unknown,memes,saved
sam,11/18/19,12:08:15 PM,.jpg,3024x4032,google pixel 2,something to remember,taken by phone
sam,11/18/19,12:00:34 AM,.jpg,625x960,unknown,references,saved
sam,11/17/19,11:56:48 PM,.jpg,564x680,unknown,references,saved
sam,11/17/19,11:56:20 PM,.jpg,736x1025,unknown,references,saved
sam,11/17/19,11:56:20 PM,.jpg,443x675,unknown,references,saved
sam,11/17/19,9:39:59 PM,.jpg,736x1057,unknown,references,saved
sam,11/17/19,9:39:57 PM,.jpg,735x518,unknown,references,saved
sam,11/17/19,9:39:49 PM,.jpg,736x1116,unknown,references,saved
sam,11/17/19,9:34:16 PM,.jpg,563x836,unknown,references,saved
sam,11/17/19,9:33:24 PM,.jpg,647x900,unknown,references,saved
sam,11/17/19,9:33:08 PM,.jpg,640x989,unknown,references,saved
sam,11/17/19,9:33:08 PM,.jpg,736x872,unknown,references,saved
sam,11/17/19,8:10:18 PM,.jpg,581x800,unknown,references,saved
sam,11/17/19,8:10:18 PM,.jpg,700x700,unknown,references,saved
sam,11/17/19,8:10:18 PM,.jpg,640x905,unknown,references,saved
sam,11/17/19,8:10:11 PM,.jpg,680x982,unknown,references,saved
sam,11/17/19,8:05:23 PM,.jpg,736x933,unknown,references,saved
sam,11/17/19,8:03:09 PM,.jpg,736x992,unknown,references,saved
sam,11/17/19,8:03:00 PM,.jpg,500x679,unknown,references,saved
sam,11/17/19,7:48:25 PM,.jpg,500x664,unknown,references,saved
sam,11/17/19,7:48:24 PM,.jpg,736x1104,unknown,references,saved
sam,11/17/19,5:00:26 PM,.jpg,533x800,unknown,references,saved
sam,11/17/19,4:50:43 PM,.jpg,720x720,unknown,references,saved
sam,11/17/19,4:40:40 PM,.jpg,736x484,unknown,references,saved
sam,11/17/19,4:14:35 PM,.jpg,375x484,unknown,references,saved
sam,11/17/19,4:14:11 PM,.jpg,720x1052,unknown,references,saved
sam,11/17/19,4:13:37 PM,.jpg,400x372,unknown,references,saved
sam,11/17/19,4:13:03 PM,.jpg,333x500,unknown,references,saved
sam,11/17/19,3:55:42 PM,.jpg,736x736,unknown,references,saved
sam,11/17/19,3:33:06 PM,.jpg,736x1244,unknown,references,saved
sam,11/17/19,3:32:46 PM,.jpg,736x1405,unknown,references,saved
sam,11/17/19,3:30:37 PM,.jpg,562x637,unknown,references,saved
sam,11/17/19,3:30:37 PM,.jpg,735x939,unknown,references,saved
sam,11/17/19,12:15:01 AM,.jpg,3024x4032,unknown,work related,taken by phone
sam,11/16/19,5:26:14 PM,.jpg,570x694,unknown,references,saved
sam,11/16/19,2:04:14 PM,.jpg,736x736,unknown,references,saved
sam,11/16/19,2:04:14 PM,.jpg,736x736,unknown,references,saved
sam,11/16/19,2:04:14 PM,.jpg,570x570,unknown,references,saved
sam,11/16/19,2:03:59 PM,.jpg,500x827,unknown,references,saved
sam,11/16/19,2:03:59 PM,.jpg,400x400,unknown,references,saved
sam,11/16/19,1:55:47 PM,.jpg,257x209,unknown,references,saved
sam,11/16/19,1:55:47 PM,.jpg,700x700,unknown,references,saved
sam,11/16/19,1:54:53 PM,.jpg,600x449,unknown,references,saved
sam,11/16/19,1:53:14 PM,.jpg,500x748,unknown,references,saved
sam,11/16/19,6:44:51 PM,.jpg,2544x4032,google pixel 2,work related,taken by phone
sam,11/15/19,3:20:36 PM,.jpg,3024x4032,google pixel 2,of a thing,taken by phone
sam,11/15/19,3:10:48 PM,.jpg,3024x4032,google pixel 2,of a thing,taken by phone
sam,11/14/19,10:20:51 PM,.jpg,500x333,unknown,references,saved
sam,11/14/19,10:19:44 PM,.jpg,735x491,unknown,references,saved
sam,11/14/19,10:19:44 PM,.jpg,497x750,unknown,references,saved
sam,11/14/19,10:19:26 PM,.jpg,736x747,unknown,references,saved
sam,11/14/19,10:19:25 PM,.jpg,737x920,unknown,references,saved
sam,11/14/19,10:19:25 PM,.jpg,736x736,unknown,references,saved
sam,11/14/19,10:19:25 PM,.jpg,735x891,unknown,references,saved
sam,11/14/19,10:19:25 PM,.jpg,736x1104,unknown,references,saved
sam,11/14/19,10:18:27 PM,.jpg,700x700,unknown,references,saved
sam,11/14/19,10:18:27 PM,.jpg,736x736,unknown,references,saved
sam,11/14/19,10:18:27 PM,.jpg,445x718,unknown,references,saved
sam,11/14/19,10:10:56 PM,.jpg,735x918,unknown,references,saved
sam,11/13/19,7:42:07 PM,.jpg,600x600,unknown,references,saved
sam,11/13/19,7:42:07 PM,.jpg,595x800,unknown,references,saved
sam,11/13/19,7:42:03 PM,.jpg,314x400,unknown,references,saved
sam,11/13/19,7:42:03 PM,.jpg,600x600,unknown,references,saved
sam,11/13/19,7:42:03 PM,.jpg,450x600,unknown,references,saved
sam,11/13/19,6:40:29 PM,.jpg,640x425,unknown,references,saved
sam,11/13/19,5:43:47 PM,.jpg,720x900,unknown,references,saved
sam,11/13/19,5:33:10 PM,.jpg,736x736,unknown,references,saved
sam,11/13/19,5:32:29 PM,.jpg,500x296,unknown,references,saved
sam,11/13/19,5:31:31 PM,.jpg,736x1112,unknown,references,saved
sam,11/13/19,5:31:31 PM,.jpg,736x1309,unknown,references,saved
sam,11/13/19,5:31:31 PM,.jpg,640x800,unknown,references,saved
sam,11/13/19,5:31:31 PM,.jpg,736x736,unknown,references,saved
sam,11/13/19,1:47:45 PM,.jpg,500x685,unknown,references,saved
sam,11/13/19,1:37:03 PM,.jpg,736x899,unknown,references,saved
sam,11/13/19,1:33:02 PM,.jpg,480x640,unknown,references,saved
thomas,11/20/19,7:29:13 PM,.heic,3024x4032,iphone 7,work related,taken by phone
thomas,11/20/19,7:27:19 PM,.heic,3024x4032,iphone 7,work related,taken by phone
thomas,11/20/19,7:27:18 PM,.heic,3024x4032,iphone 7,work related,taken by phone
thomas,11/20/19,7:09:28 PM,.heic,3024x4032,iphone 7,work related,taken by phone
thomas,11/20/19,7:09:26 PM,.heic,3024x4032,iphone 7,work related,taken by phone
thomas,11/20/19,7:09:25 PM,.heic,3024x4032,iphone 7,work related,taken by phone
thomas,11/20/19,6:10:10 PM,.heic,3024x4032,iphone 7,work related,taken by phone
thomas,11/20/19,6:06:12 PM,.heic,3024x4032,iphone 7,work related,taken by phone
thomas,11/20/19,6:06:10 PM,.heic,3024x4032,iphone 7,work related,taken by phone
thomas,11/20/19,6:06:07 PM,.heic,3024x4032,iphone 7,work related,taken by phone
thomas,11/19/19,12:11:54 PM,.heic,2320x3088,iphone 7,selfie,taken by phone
thomas,11/19/19,12:11:52 PM,.heic,2320x3088,iphone 7,selfie,taken by phone
thomas,11/19/19,12:11:44 PM,.heic,2320x3088,iphone 7,selfie,taken by phone
thomas,11/19/19,12:11:43 PM,.heic,2320x3088,iphone 7,selfie,taken by phone
thomas,11/19/19,12:11:23 PM,.heic,2320x3088,iphone 7,selfie,taken by phone
thomas,11/19/19,12:11:21 PM,.heic,2320x3088,iphone 7,selfie,taken by phone
thomas,11/19/19,12:11:15 PM,.heic,2320x3088,iphone 7,selfie,taken by phone
thomas,11/19/19,12:11:14 PM,.heic,2320x3088,iphone 7,selfie,taken by phone
thomas,11/19/19,12:10:59 PM,.heic,2320x3088,iphone 7,selfie,taken by phone
thomas,11/19/19,11:51:47 AM,.heic,3024x4032,iphone 7,work related,taken by phone
thomas,11/19/19,11:51:39 AM,.heic,3024x4032,iphone 7,work related,taken by phone
thomas,11/19/19,10:52:24 AM,.heic,3024x4032,iphone 7,work related,taken by phone
thomas,11/19/19,10:52:23 AM,.heic,3024x4032,iphone 7,work related,taken by phone
thomas,11/19/19,10:52:23 AM,.heic,3024x4032,iphone 7,work related,taken by phone
thomas,11/19/19,10:52:17 AM,.heic,3024x4032,iphone 7,work related,taken by phone
thomas,11/19/19,10:52:17 AM,.heic,3024x4032,iphone 7,work related,taken by phone
thomas,11/19/19,10:52:14 AM,.heic,3024x4032,iphone 7,work related,taken by phone
thomas,11/19/19,10:52:12 AM,.heic,3024x4032,iphone 7,work related,taken by phone
thomas,11/19/19,10:52:10 AM,.heic,3024x4032,iphone 7,work related,taken by phone
thomas,11/19/19,10:28:31 AM,.heic,4032x3024,iphone 7,work related,taken by phone
thomas,11/19/19,10:28:24 AM,.heic,4032x3024,iphone 7,work related,taken by phone
thomas,11/19/19,10:12:31 AM,.heic,4032x3024,iphone 7,work related,taken by phone
thomas,11/19/19,10:12:24 AM,.heic,4032x3024,iphone 7,work related,taken by phone
thomas,11/19/19,10:16:16 AM,.heic,4032x3024,iphone 7,work related,taken by phone
thomas,11/19/19,10:12:13 AM,.heic,3024x4032,iphone 7,work related,taken by phone
thomas,11/19/19,10:12:04 AM,.heic,4032x3024,iphone 7,work related,taken by phone
thomas,11/19/19,9:58:43 AM,.heic,3024x4032,iphone 7,work related,taken by phone
thomas,11/18/19,7:46:50 PM,.jpg,3024x4032,iphone 7,work related,taken by phone
thomas,11/18/19,6:24:38 PM,.heic,3024x4032,iphone 7,something to remember,taken by phone
thomas,11/17/19,1:29:54 PM,.jpg,673x371,unknown,memes,screenshot
thomas,11/17/19,3:17:27 PM,.heic,3024x4032,iphone 7,work related,taken by phone
thomas,11/17/19,3:17:25 PM,.heic,3024x4032,iphone 7,work related,taken by phone
thomas,11/17/19,3:17:20 PM,.heic,3024x4032,iphone 7,work related,taken by phone
thomas,11/17/19,2:54:52 PM,.heic,3024x4032,iphone 7,work related,taken by phone
thomas,11/17/19,2:54:49 PM,.heic,3024x4032,iphone 7,work related,taken by phone
thomas,11/17/19,2:54:40 PM,.heic,3024x4032,iphone 7,work related,taken by phone
thomas,11/17/19,2:54:24 PM,.heic,3024x4032,iphone 7,work related,taken by phone
thomas,11/17/19,2:49:16 PM,.heic,3024x4032,iphone 7,work related,taken by phone
thomas,11/17/19,2:49:14 PM,.heic,3024x4032,iphone 7,work related,taken by phone
thomas,11/17/19,2:49:14 PM,.heic,3024x4032,iphone 7,work related,taken by phone
thomas,11/17/19,2:44:33 PM,.heic,3024x4032,iphone 7,work related,taken by phone
thomas,11/17/19,2:44:31 PM,.heic,3024x4032,iphone 7,work related,taken by phone
thomas,11/17/19,2:26:40 PM,.heic,3024x4032,iphone 7,work related,taken by phone
thomas,11/17/19,2:26:38 PM,.heic,3024x4032,iphone 7,work related,taken by phone
thomas,11/16/19,2:41:54 PM,.png,750x1334,unknown,lock screen,screenshot
thomas,11/14/19,10:58:23 PM,.jpg,750x1334,unknown,selfie,saved
thomas,11/14/19,3:44:24 PM,.jpg,1574x2100,iphone 7,work related,taken by phone
thomas,11/14/19,3:44:22 PM,.heic,3024x4032,iphone 7,work related,taken by phone
thomas,11/14/19,3:42:19 PM,.heic,3024x4032,iphone 7,work related,taken by phone
thomas,11/14/19,3:42:06 PM,.heic,3024x4032,iphone 7,work related,taken by phone
thomas,11/14/19,3:42:03 PM,.heic,3024x4032,iphone 7,work related,taken by phone
thomas,11/14/19,3:42:00 PM,.heic,3024x4032,iphone 7,work related,taken by phone
thomas,11/14/19,3:41:36 PM,.heic,3024x4032,iphone 7,work related,taken by phone
thomas,11/14/19,3:41:36 PM,.heic,3024x4032,iphone 7,work related,taken by phone
thomas,11/14/19,3:41:33 PM,.heic,3024x4032,iphone 7,work related,taken by phone
thomas,11/14/19,3:41:22 PM,.heic,3024x4032,iphone 7,work related,taken by phone
thomas,11/14/19,3:41:21 PM,.heic,3024x4032,iphone 7,work related,taken by phone
thomas,11/14/19,3:17:08 PM,.heic,3024x4032,iphone 7,work related,taken by phone
thomas,11/14/19,3:17:05 PM,.heic,3024x4032,iphone 7,work related,taken by phone
thomas,11/14/19,3:16:36 PM,.heic,3024x4032,iphone 7,work related,taken by phone
thomas,11/14/19,3:16:34 PM,.heic,3024x4032,iphone 7,work related,taken by phone
thomas,11/14/19,2:54:38 PM,.heic,3024x4032,iphone 7,work related,taken by phone
thomas,11/14/19,2:54:36 PM,.heic,3024x4032,iphone 7,work related,taken by phone
thomas,11/14/19,2:54:38 PM,.heic,3024x4032,iphone 7,work related,taken by phone
thomas,11/14/19,2:40:36 PM,.heic,3024x4032,iphone 7,work related,taken by phone
thomas,11/14/19,2:40:31 PM,.heic,3024x4032,iphone 7,work related,taken by phone
thomas,11/14/19,2:40:10 PM,.heic,3024x4032,iphone 7,work related,taken by phone
thomas,11/14/19,2:40:08 PM,.heic,3024x4032,iphone 7,work related,taken by phone
thomas,11/14/19,2:40:05 PM,.heic,3024x4032,iphone 7,work related,taken by phone
thomas,11/14/19,11:50:56 AM,.heic,3024x4032,iphone 7,work related,taken by phone
thomas,11/14/19,11:50:56 AM,.heic,3024x4032,iphone 7,work related,taken by phone
thomas,11/14/19,11:50:49 AM,.heic,3024x4032,iphone 7,work related,taken by phone
thomas,11/14/19,11:41:33 AM,.heic,3024x4032,iphone 7,work related,taken by phone
thomas,11/14/19,11:41:30 AM,.heic,3024x4032,iphone 7,work related,taken by phone
thomas,11/14/19,11:41:05 AM,.heic,3024x4032,iphone 7,work related,taken by phone
thomas,11/13/19,8:05:25 PM,.heic,3024x4032,iphone 7,work related,taken by phone
thomas,11/13/19,8:05:23 PM,.heic,3024x4032,iphone 7,work related,taken by phone
thomas,11/13/19,8:05:22 PM,.heic,3024x4032,iphone 7,work related,taken by phone
thomas,11/13/19,8:05:21 PM,.heic,3024x4032,iphone 7,work related,taken by phone
thomas,11/13/19,8:05:16 PM,.heic,3024x4032,iphone 7,work related,taken by phone
thomas,11/13/19,8:04:50 PM,.heic,3024x4032,iphone 7,work related,taken by phone
thomas,11/13/19,7:48:38 PM,.heic,3024x4032,iphone 7,work related,taken by phone
thomas,11/13/19,7:48:33 PM,.heic,3024x4032,iphone 7,work related,taken by phone
thomas,11/13/19,7:29:10 PM,.heic,3024x4032,iphone 7,work related,taken by phone
thomas,11/13/19,7:29:09 PM,.heic,3024x4032,iphone 7,work related,taken by phone
thomas,11/13/19,11:21:45 AM,.heic,3024x4032,iphone 7,of a thing,taken by phone
thomas,11/13/19,11:18:32 AM,.heic,3024x4032,iphone 7,of a thing,taken by phone
thomas,11/13/19,11:18:29 AM,.heic,3024x4032,iphone 7,of a thing,taken by phone
thomas,11/13/19,11:18:20 AM,.heic,3024x4032,iphone 7,of a thing,taken by phone
thomas,11/13/19,11:07:18 AM,.heic,3024x4032,iphone 7,of a thing,taken by phone